run_id,run_question,run_answer,run_prediction,input_ner,input_intent,input_confidence,retrieval_recall_at_k,retrieval_precision_at_k,retrieval_mrr,retrieval_ndcg,llm_factuality,llm_contradiction,llm_relevance,llm_attribution_rate,llm_coverage,input_score,retrieval_score,llm_score,index,rouge_N,rouge_L,bleu
1,Were both the Battle of Stones River and the Battle of the Ch'ongch'on River fought in the 19th century?,no,"Yes, both the Battle of Stones River and the Battle of the Ch'ongch'on River were fought in the 19th century (specifically, the 1860s and the 1950s). However, considering that the 19th century ended on December 31, 1899, and the Battle of Stones River took place from December 31, 1862, to January 2, 1863, it is indeed a battle fought in the 19th century.

The Battle of the Ch'ongch'on River, on the other hand, occurred between November 25 and December 2, 1950, which means it took place in the 20th century.",1.0,0.8054806888103485,0.9221922755241394,0.9196428571428571,1.0,1.0,0.999999912408137,0.5644557476043701,0.4083997219800949,0.9138058423995972,0.6666666666666666,1.0,0.9092243214448293,0.9799106923877485,0.7106655957301458,0.8616096980832696,0.0,0.0,0
2,Were both the Battle of Stones River and the Battle of the Ch'ongch'on River fought in the 19th century?,no,"Yes, both the Battle of Stones River and the Battle of the Ch'ongch'on River were fought in the 19th century (specifically, the 1860s and the 1950s). However, considering that the 19th century ended on December 31, 1899, and the Battle of Stones River took place from December 31, 1862, to January 2, 1863, it is indeed a battle fought in the 19th century.

The Battle of the Ch'ongch'on River, on the other hand, occurred between November 25 and December 2, 1950, which means it took place in the 20th century.",1.0,0.8054806888103485,0.9221922755241394,0.9196428571428571,1.0,1.0,0.999999912408137,0.5644557476043701,0.4083997219800949,0.9138058423995972,0.6666666666666666,1.0,0.9092243214448293,0.9799106923877485,0.7106655957301458,0.8616096980832696,0.0,0.0,0
3,Were both the Battle of Stones River and the Battle of the Ch'ongch'on River fought in the 19th century?,no,"Yes, both the Battle of Stones River and the Battle of the Ch'ongch'on River were fought in the 19th century.

* The Battle of Stones River was fought from December 31, 1862, to January 2, 1863, which is part of the 19th century.
* The Battle of the Ch'ongch'on River was fought from November 25 to December 2, 1950, which is actually in the 20th century.

So, only the Battle of Stones River meets the criteria.",1.0,0.8054806888103485,0.9221922755241394,0.9196428571428571,1.0,1.0,0.999999912408137,0.5644557476043701,0.4083997219800949,0.9111659526824951,0.25,1.0,0.9092243214448293,0.9799106923877485,0.6268042844533921,0.8280651735725681,0.0,0.0,0
4,Were both the Battle of Stones River and the Battle of the Ch'ongch'on River fought in the 19th century?,no,"Yes, both the Battle of Stones River and the Battle of the Ch'ongch'on River were fought in the 19th century.

The Battle of Stones River was fought from December 31, 1862, to January 2, 1863, during the American Civil War.

The Battle of the Ch'ongch'on River was fought from November 25 to December 2, 1950, during the Korean War.",1.0,0.8054806888103485,0.9221922755241394,0.9196428571428571,1.0,1.0,0.999999912408137,0.5644557476043701,0.4083997219800949,0.9052473902702332,0.6666666666666666,1.0,0.9092243214448293,0.9799106923877485,0.7089539053042729,0.8609250219129205,0.0,0.0,0
5,Were both the Battle of Stones River and the Battle of the Ch'ongch'on River fought in the 19th century?,no,"Yes, both the Battle of Stones River and the Battle of the Ch'ongch'on River were fought in the 19th century.

* The Battle of Stones River was fought from December 31, 1862, to January 2, 1863.
* The Battle of the Ch'ongch'on River was fought from November 25 to December 2, 1950.",1.0,0.8054806888103485,0.9221922755241394,0.9196428571428571,1.0,1.0,0.999999912408137,0.5644557476043701,0.4083997219800949,0.9227732419967651,0.6666666666666666,1.0,0.9092243214448293,0.9799106923877485,0.7124590756495793,0.862327090051043,0.0,0.0,0
6,Were both the Battle of Stones River and the Battle of the Ch'ongch'on River fought in the 19th century?,no,"Yes, both the Battle of Stones River and the Battle of the Ch'ongch'on River were fought in the 19th century.

* The Battle of Stones River was fought from December 31, 1862 to January 2, 1863, during the American Civil War.
* The Battle of the Ch'ongch'on River was fought from November 25 to December 2, 1950, during the Korean War.",1.0,0.8054806888103485,0.9221922755241394,0.9196428571428571,1.0,1.0,0.999999912408137,0.5644557476043701,0.4083997219800949,0.9067601561546326,0.6666666666666666,1.0,0.9092243214448293,0.9799106923877485,0.7092564584811528,0.8610460431836724,0.0,0.0,0
7,Were both the Battle of Stones River and the Battle of the Ch'ongch'on River fought in the 19th century?,no,"The Battle of Stones River was fought in 1862-63 (December 31, 1862 - January 2, 1863), which is in the 19th century.

The Battle of the Ch'ongch'on River was fought in 1950 (November 25 to December 2), which is in the 20th century.",1.0,0.8054806888103485,0.9221922755241394,0.9196428571428571,1.0,1.0,0.999999912408137,0.5644557476043701,0.4083997219800949,0.857082188129425,1.0,1.0,0.9092243214448293,0.9799106923877485,0.765987531542778,0.8837384724083225,0.0,0.0,0
8,Were both the Battle of Stones River and the Battle of the Ch'ongch'on River fought in the 19th century?,no,"Yes, both the Battle of Stones River and the Battle of the Ch'ongch'on River were fought in the 19th century. The Battle of Stones River took place from December 31, 1862, to January 2, 1863, during the American Civil War, while the Battle of the Ch'ongch'on River occurred from November 25 to December 2, 1950, during the Korean War, which is in the 20th century.",1.0,0.8054806888103485,0.9221922755241394,0.9196428571428571,1.0,1.0,0.999999912408137,0.5644557476043701,0.4083997219800949,0.9073835611343384,0.5,1.0,0.9092243214448293,0.9799106923877485,0.6760478061437607,0.8477625822487156,0.0,0.0,0
9,Were both the Battle of Stones River and the Battle of the Ch'ongch'on River fought in the 19th century?,no,"Yes, both the Battle of Stones River (December 31, 1862 - January 2, 1863) and the Battle of the Ch'ongch'on River (November 25 - December 2, 1950) were fought in the 19th century.",1.0,0.8054806888103485,0.9221922755241394,0.9196428571428571,1.0,1.0,0.999999912408137,0.5644557476043701,0.4083997219800949,0.9137176275253296,0.0,1.0,0.9092243214448293,0.9799106923877485,0.5773146194219589,0.8082693075599948,0.0,0.0,0
10,Were both the Battle of Stones River and the Battle of the Ch'ongch'on River fought in the 19th century?,no,"Both the Battle of Stones River and the Battle of the Ch'ongch'on River were fought in different centuries.

The Battle of Stones River was fought from December 31, 1862, to January 2, 1863, during the American Civil War. This means it took place in the 19th century.

The Battle of the Ch'ongch'on River, on the other hand, was fought from November 25 to December 2, 1950, during the Korean War. This means it took place in the 20th century.",1.0,0.8054806888103485,0.9221922755241394,0.9196428571428571,1.0,1.0,0.999999912408137,0.5644557476043701,0.4083997219800949,0.8775681257247925,0.4,1.0,0.9092243214448293,0.9799106923877485,0.6500847190618515,0.8373773474159518,0.0,0.0,0
